@@||lastpass.com/images/ads/$image,~third-party
@@||connect.facebook.net^$script,domain=up-4ever.com|up-4ever.org
@@||apibay.org^$script,xmlhttprequest,domain=thepiratebay.org
@@||serviceads.co.uk/api/ad/$~third-party,xmlhttprequest
@@||megaup.net^$generichide
@@||sonichits.com^$generichide
@@||uze-ads.com/ads/$~third-party
@@||capitolbroadcasting.blueconic.net^$image,script,xmlhttprequest,domain=wral.com
@@||tra.scds.pmdstatic.net/advertising-core/$domain=voici.fr
@@||material.io^$generichide
@@||dlh.net^$script,subdocument,domain=dlh.net
@@||jsdelivr.net^$script,domain=thepiratebay.org
@@||bitcoinbazis.hu/advertise-with-us/$~third-party
@@||ad.doubleclick.net/ddm/$popup,domain=billiger.de|guide-epargne.be|legacy.com|mail.yahoo.com|nytimes.com|spaargids.be
@@||survey.g.doubleclick.net^$script,domain=sporcle.com
@@||sportsnet.ca/wp-content/plugins/bwp-minify/$domain=sportsnet.ca
@@||yellowbridge.com^$generichide
@@||doda.jp/cmn_web/img/brand/ad/ad_text_
@@||ads.google.com^$popup,domain=smallbusiness.withgoogle.com
@@||cbsi.com/dist/optanon.js$script,domain=cbsnews.com|zdnet.com
@@$generichide,domain=vidoza.co|vidoza.net
@@||adsafeprotected.com/vans-adapter-google-ima.js$script,domain=gamingbible.co.uk|ladbible.com|reuters.com
@@||mysmth.net/nForum/*/ADAgent_$~third-party
@@||mail.bg/mail/index/getads/$xmlhttprequest
@@||amebame.com/pub/ads/$image,domain=abema.tv|ameba.jp|ameblo.jp
@@||calendar.google.com^$generichide
@@||v.fwmrm.net/ad/g/1?csid=vcbs_cbsnews_desktop_$xmlhttprequest
@@||forexprostools.com^$subdocument,domain=fx-rashinban.com
@@||recaptcha.net/recaptcha/$script
@@||apis.kostprice.com/fapi/$script,domain=gadgets.ndtv.com
@@||ads.freewheel.tv/|$media,domain=cnbc.com|fxnetworks.com|my.xfinity.com|nbc.com|nbcsports.com
@@||cdnjs.cloudflare.com/ajax/libs/$script,domain=vidoza.co|vidoza.net
@@||ajax.googleapis.com/ajax/libs/$script,domain=shink.me|shon.xyz
@@||ads.emarketer.com/redirect.spark?$popup,domain=emarketer.com
@@||ads.instacart.com^$popup
@@||ads.taboola.com^$popup
@@||salfordonline.com/wp-content/plugins/wp_pro_ad_system/$script
@@||looker.com/api/internal/$~third-party
@@||flashx.tv/js/light.min.js|
@@||gumtree.co.za/my/ads.html$~third-party
@@||linkbucks.com/tmpl/$image,stylesheet
@@/wp-content/plugins/blockalyzer-adblock-counter/*$image,script,~third-party,domain=~gaytube.com|~pornhub.com|~pornhubthbh7ap3u.onion|~redtube.com|~redtube.com.br|~tube8.com|~tube8.es|~tube8.fr|~xtube.com|~youjizz.com|~youporn.com|~youporngay.com
@@||stat-rock.com/player/$domain=4shared.com|adplayer.pro
@@||apv-launcher.minute.ly/api/$script
@@||spankbang.com^*/prebid-ads.js$domain=spankbang.com
@@||adserver.skiresort-service.com/www/delivery/spcjs.php?$script,domain=skiresort.de|skiresort.fr|skiresort.info|skiresort.it|skiresort.nl
@@||google.com/images/integrations/$image,~third-party
@@||hinagiku-u.ed.jp/wp54/wp-content/themes/hinagiku/images/$image,~third-party
@@||g.doubleclick.net/tag/js/gpt.js$script,xmlhttprequest,domain=accuweather.com|adamtheautomator.com|blastingnews.com|bloomberg.com|chromatographyonline.com|devclass.com|digitaltrends.com|edy.rakuten.co.jp|epaper.timesgroup.com|filmweb.pl|formularywatch.com|games.coolgames.com|indy100.com|managedhealthcareexecutive.com|mediaite.com|medicaleconomics.com|nycgo.com|olx.pl|physicianspractice.com|standard.co.uk|telsu.fi|theta.tv|weather.com
@@||flying-lines.com/banners/$image,~third-party
@@||prebid.adnxs.com^$xmlhttprequest,domain=go.cnn.com
@@||netmile.co.jp/ad/images/$image
@@||pepperjamnetwork.com/banners/$image,domain=extrarebates.com
@@||renewcanceltv.com/porpoiseant/banger.js$script,~third-party
@@||abcnews.com/assets/js/prebid.min.js$~third-party
@@||discretemath.org/ads/
@@||cvs.com/webcontent/images/weeklyad/adcontent/$~third-party
@@||thepiratebay.*/static/js/details.js$domain=pirateproxy.live|thehiddenbay.com|thepiratebay.org
@@||ads.finance^$popup
@@||g.doubleclick.net/gpt/pubads_impl_$script,domain=spiegel.de
@@||brighteon.com^$generichide
@@||gaybeeg.info^$generichide
@@||player.anyclip.com/anyclip-widget/lre-widget/$script,domain=video.timeout.com|video.venturebeat.com
@@||ads.adthrive.com/api/$domain=adamtheautomator.com|mediaite.com|packhacker.com
@@||hw-ads.datpiff.com/news/$image,domain=datpiff.com
@@||doubleclick.net/clk;$popup,domain=3g.co.uk|4g.co.uk|hotukdeals.com|jobamatic.com|play.google.com|santander.co.uk|techrepublic.com
@@||curiositystream.com^$generichide
@@||rubiconproject.com/prebid/dynamic/$script,domain=ask.com
@@||web.telegram.org^$generichide
@@||torrindex.net^$image,script,stylesheet,domain=thepiratebay.org
@@||apple.com^$generichide
@@||boatwizard.com/ads_prebid.min.js$script,domain=boats.com
@@||jmedj.co.jp/files/$image,~third-party
@@||history.com^$generichide
@@||pntrs.com/b/$image,domain=extrarebates.com
@@||nizista.com/api/v1/adbanner$~third-party
@@||hwcdn.net^$script,domain=mp4upload.com
@@||jobs.bg/front_job_search.php$~third-party
@@||newscgp.com/prod/prebid/nyp/pb.js$domain=nypost.com
@@||kanalfrederikshavn.dk^*/jquery.openx.js?
@@||leffatykki.com/media/banners/tykkibanneri-728x90.png$image,~third-party
@@||blueconic.net/capitolbroadcasting.js$script,domain=wral.com
@@||ads.com^$popup
@@||urlgalleries.net^$generichide
@@||gstatic.com/ads/external/images/$image,domain=support.google.com
@@||cinema.pia.co.jp/img/ad/$image,~third-party
@@||hp.com/in/*/ads/$script,stylesheet,~third-party
@@://192.168.1.1$generichide
@@||townhall.com/resources/dist/js/prebid-pjmedia.js$script,domain=pjmedia.com
@@||airplaydirect.com/openx/www/images/$image
@@||trj.valuecommerce.com/vcushion.js
@@||playwire.com/bolt/js/zeus/embed.js$script,third-party
@@||peacocktv.com^$generichide
@@||thepiratebay.org/static/main.js$script,~third-party
@@||developers.google.com^$domain=developers.google.com
@@||jokerly.com/Okidak/adSelectorDirect.htm?id=$document,subdocument
@@||thegay.com/assets/jwplayer-*/jwplayer.js|$domain=thegay.com
@@||avclub.com^*/adManager.$script,~third-party
@@||s0.2mdn.net/ads/studio/Enabler.js$domain=yuukinohana.co.jp
@@||webbtelescope.org/files/live/sites/webb/$image,~third-party
@@||yandex.com/search/?$generichide
@@||about.smartnews.com/ja/wp-content/assets/img/advertisers/ad_$~third-party
@@||ads.amazon^$popup
@@||bbc.gscontxt.net^$script,domain=bbc.com
@@||hotstar.com/vs/getad.php$domain=hotstar.com
@@||luminalearning.com/affiliate-content/$image,~third-party
@@||autotrader.co.uk^*/advert$~third-party
@@||msubload.com/sub/$xmlhttprequest
@@||assets.ctfassets.net^$media,domain=ads.spotify.com
@@||pandora.com^$generichide
@@||ajax.googleapis.com/ajax/libs/$script,domain=vidoza.co|vidoza.net
@@||ads.roblox.com/v1/sponsored-pages$xmlhttprequest,domain=roblox.com
@@||github.com^$generichide
@@||g.doubleclick.net/pagead/managed/js/gpt/$script,domain=adamtheautomator.com|filmweb.pl|mediaite.com
@@||tweaktown.com^$generichide
@@||optimatic.com/shell.js$domain=pch.com
@@||at.adtech.redventures.io/lib/api/$xmlhttprequest,domain=gamespot.com|giantbomb.com|metacritic.com
@@||thetvdb.com/banners/$image,domain=tvtime.com
@@||centro.co.il^$generichide
@@||waaw.to/adv/ads/popunder.js$script
@@||ads.twitter.com^$domain=ads.twitter.com|analytics.twitter.com
@@||adap.tv/redir/javascript/vpaid.js
@@||securenetsystems.net/v5/scripts/
@@||doda.jp/brand/ad/img/icon_play.png
@@||aniview.com/api/$script,domain=gamingbible.co.uk|ladbible.com
@@||thepiratebay.*/static/js/prototype.js$domain=pirateproxy.live|thehiddenbay.com|thepiratebay.org
@@||hbomax.com^$generichide
@@||live.lequipe.fr/thirdparty/prebid.js$~third-party
@@||reastatic.net/150x200-$domain=realestate.com.au
@@||iejima.org/ad-banner/$image,~third-party
@@||ads.lollipod.de^$popup
@@||www.google.*/search?$domain=google.ae|google.at|google.be|google.bg|google.by|google.ca|google.ch|google.cl|google.co.id|google.co.il|google.co.in|google.co.jp|google.co.ke|google.co.kr|google.co.nz|google.co.th|google.co.uk|google.co.ve|google.co.za|google.com|google.com.ar|google.com.au|google.com.br|google.com.co|google.com.ec|google.com.eg|google.com.hk|google.com.mx|google.com.my|google.com.pe|google.com.ph|google.com.pk|google.com.py|google.com.sa|google.com.sg|google.com.tr|google.com.tw|google.com.ua|google.com.uy|google.com.vn|google.cz|google.de|google.dk|google.dz|google.ee|google.es|google.fi|google.fr|google.gr|google.hr|google.hu|google.ie|google.it|google.lt|google.lv|google.nl|google.no|google.pl|google.pt|google.ro|google.rs|google.ru|google.se|google.sk
@@||ads.memo2.nl/banners/$subdocument
@@||hwcdn.net^$domain=canyoublockit.com
@@||nihasi.ru/upload/resize_cache/*/300_250_$image,~third-party
@@||flashx.tv/js/jquery.min.js|
@@||g.doubleclick.net/pagead/ads?*&description_url=https%3A%2F%2Fgames.wkb.jp$xmlhttprequest,domain=imasdk.googleapis.com
@@||disqus.com/embed/comments/$subdocument
@@||ajax.googleapis.com^$script,domain=up-4ever.com|up-4ever.org
@@||wikipedia.org^$generichide
@@||experienceleague.adobe.com^$~third-party
@@||hcaptcha.com^*/api.js
@@||asahi.com/ads/$image,~third-party
@@||yadayadayada.nl/banner/banner.php$image,domain=murf.nl|workhardclimbharder.nl
@@||radiosun.fi/wp-content/uploads/*300x250$image,~third-party
@@||voeunblock.com^$subdocument
@@||adjust.com/adjust-latest.min.js$domain=anchor.fm
@@||api.adnetmedia.lt/api/$~third-party
@@||trustprofile.com/banners/$image
@@||google.com/recaptcha/api.js
@@||yimg.jp/images/news-web/all/images/jsonld_image_300x250.png$domain=news.yahoo.co.jp
@@||gaynetwork.co.uk/Images/ads/bg/$image,~third-party
@@||v.fwmrm.net/ad/g/1$domain=uktv.co.uk|vevo.com
@@||photos.google.com^$generichide
@@||www.ticketmaster.$popup,domain=adclick.g.doubleclick.net
@@||yimg.com/rq/darla/*/g-r-min.js$domain=yahoo.com
@@||schemeflood.com^$generichide
@@||g.doubleclick.net/gampad/ads?*wallpaper_1$xmlhttprequest,domain=spiegel.de
@@||doda.jp/cmn_web/img/brand/ad/ad_top_3.mp4
@@||ntv.io/serve/load.js$domain=mcclatchydc.com
@@||improvedigital.com/pbw/headerlift.min.js$domain=games.co.uk|kizi.com|zigiz.com
@@||ads.listonic.com^$popup
@@||minigame.aeriagames.jp/*/ae-tpgs-$~third-party
@@||searchad.naver.com^$~third-party
@@||mail.google.com^$generichide
@@||docs.woopt.com/wgact/$image,~third-party,xmlhttprequest
@@||googleadservices.com/pagead/conversion_async.js$script,domain=zubizu.com
@@||dodo.ac/np/images/$image,domain=nookipedia.com
@@||api.adinplay.com/libs/aiptag/$script
@@||wordpress.org/plugins/$domain=wordpress.org
@@||up-load.io^$generichide
@@||adswizz.com/sca_newenco/$xmlhttprequest,domain=triplem.com.au
@@||manageengine.com/products/ad-manager/$~third-party
@@||yads.c.yimg.jp/js/yads-async.js$domain=kobe-np.co.jp|yahoo.co.jp
@@||jsfiddle.net^$generichide
@@||ads-twitter.com/uwt.js$domain=factory.pixiv.net
@@||g.doubleclick.net/aclk?$popup,domain=bodas.com.mx|bodas.net|casamentos.com.br|casamentos.pt|casamiento.com.uy|casamientos.com.ar|mariages.net|matrimonio.com|matrimonio.com.co|matrimonio.com.pe|matrimonios.cl|pianobuyer.com|weddingspot.co.uk|zillow.com
@@||basinnow.com/admin/upload/settings/advertise-img.jpg
@@||maxcdn.bootstrapcdn.com^$stylesheet,domain=shink.me|shon.xyz
@@||akamaized.net^*.stream/$domain=naver.com
@@||hutchgo.advertserve.com^$domain=hutchgo.com|hutchgo.com.cn|hutchgo.com.hk|hutchgo.com.sg|hutchgo.com.tw
@@||ads.microsoft.com^$generichide
@@||thdstatic.com/experiences/local-ad/$domain=homedepot.com
@@||brave.com/static-assets/$image,~third-party
@@||cwtv.com^$generichide
@@||jokerly.com/Okidak/vastChecker.htm$document,subdocument
@@||cloud.mail.ru^$image,~third-party
@@||vk.com/ads?$popup,domain=vk.com
@@||ad.doubleclick.net/clk*&destinationURL=$popup
@@||adblockplus.org^$generichide
@@||preromanbritain.com/maxymiser/$~third-party
@@||doubleclick.net/ddm/$image,domain=aetv.com|fyi.tv|history.com|mylifetime.com
@@||sciencechannel.com^$generichide
@@||receiveasms.com^$generichide
@@||ads.tiktok.com^$popup
@@||player.avplayer.com^$script,domain=explosm.net|gamingbible.co.uk|justthenews.com|ladbible.com
@@||ads.google.com^$domain=ads.google.com|analytics.google.com
@@||codesandbox.io^$generichide
@@||g.doubleclick.net/tag/js/gpt.js$domain=spiegel.de
@@||mediaalpha.com/js/serve.js$domain=goseek.com
@@||wikidata.org^$generichide
@@||flashx.tv/js/showad$script
@@||carandclassic.co.uk/images/free_advert/$image,~third-party
@@||pbs.twimg.com/ad_img/$image,xmlhttprequest
@@||bankofamerica.com^*?adx=$~third-party,xmlhttprequest
@@||thingiverse.com/assets/ad/$image,~third-party
@@||shaka-player-demo.appspot.com/lib/ads/ad_manager.js$script,~third-party
@@||candidate.hr-manager.net/Advertisement/PreviewAdvertisement.aspx$subdocument,~third-party
@@||cloud.google.com^$~third-party
@@||redditinc.com/assets/images/site/*_300x250.$image,~third-party
@@||ebaykorea.com/ADS/$image,domain=gmarket.co.kr
@@||crackle.com/vendor/AdManager.js$script,~third-party
@@||googleapis.com^$script,stylesheet,domain=canyoublockit.com
@@||almayadeen.net/Content/VideoJS/js/videoPlayer/VideoAds.js$script,~third-party
@@||gitlab.com^$generichide
@@||gogoplay5.com^$subdocument
@@||player.aniview.com/script/$script,domain=odysee.com
@@||lastpass.com/ads.php$subdocument,domain=chrome-extension-scheme
@@||thepiratebay.*/static/js/scriptaculous.js$domain=thepiratebay.org
@@||g.doubleclick.net/gpt/pubads_impl_$domain=accuweather.com|blastingnews.com|bloomberg.com|chelseafc.com|chromatographyonline.com|digitaltrends.com|downdetector.com|edy.rakuten.co.jp|epaper.timesgroup.com|formularywatch.com|game.anymanager.io|games.coolgames.com|managedhealthcareexecutive.com|mediaite.com|medicaleconomics.com|nationalreview.com|nationalworld.com|nbcsports.com|nycgo.com|physicianspractice.com|scotsman.com|telsu.fi|voici.fr|weather.com
@@||doubleclick.net/getconfig$xmlhttprequest,domain=spiegel.de
@@||infotel.ca/images/ads/$image,~third-party
@@||g.doubleclick.net/gampad/ads*%20Web%20Player$domain=imasdk.googleapis.com
@@||suntory.co.jp/beer/kinmugi/img/ad/$image,~third-party
@@||przegladpiaseczynski.pl/wp-content/uploads/*-300x250-$image,~third-party
@@||ad.linksynergy.com^$image,domain=extrarebates.com
@@||artnet.com^$generichide
@@||suntory.co.jp/beer/kinmugi/css2020/ad.css?
@@||pagead2.googlesyndication.com/getconfig/sodar?$xmlhttprequest,domain=spiegel.de
@@||wrestlinginc.com/wp-content/themes/unified/js/prebid.js$~third-party
@@||stream4free.live^$generichide
@@||adv.welaika.com^$popup
@@||daumcdn.net/adfit/static/ad.min.js$script,domain=daum.net
@@||ajax.googleapis.com/ajax/libs/$script,domain=flashx.to|flashx.tv
@@||tab.gladly.io/newtab/|$document,subdocument
@@||ps.w.org^$image,domain=wordpress.org
@@||dashboard.mgid.com^$popup
@@||soranews24.com^$generichide
@@||ad.doubleclick.net/ddm/trackclk/*http$popup
@@||wikiversity.org^$generichide
@@||ad.atown.jp/adserver/$domain=ad.atown.jp
@@||ads.microsoft.com^$popup
@@||pubads.g.doubleclick.net/ssai/
@@||cbs.com^$generichide
@@||4cdn.org/adv/$image,xmlhttprequest,domain=4channel.org
@@||flashx.tv/js/xupload.js
@@||adm.fwmrm.net^*/TremorAdRenderer.$object,domain=go.com
@@||www.google.com/ads/preferences/$image,script,subdocument
@@||milfzr.com^$generichide
@@||ads.vk.com^$popup
@@||wordpress.org/stats/plugin/$domain=wordpress.org
@@||pngimg.com/distr/$image,~third-party
@@||nc-myus.com/images/pub/www/uploads/merchant-logos/$image,~third-party
@@||icloud.com^$generichide
@@||cdn.plyvdo.live/scripts/$script
@@||youtube.com/ads/preferences/$popup
@@||cdn.advertserve.com^$domain=hutchgo.com|hutchgo.com.cn|hutchgo.com.hk|hutchgo.com.sg|hutchgo.com.tw
@@||nytimes.com^*/adslot-$script,xmlhttprequest
@@||gocomics.com/assets/ad-dependencies-$script,~third-party
@@||oauth.vk.com/authorize?
@@||yandexcdn.com/ad/api/popunder.js$script
@@://localhost:$generichide
@@||unpkg.com^$script,domain=vidsrc.stream
@@||gomoplayer.com^$subdocument
@@||government-and-constitution.org/images/presidential-seal-300-250.gif$image,~third-party
@@||akamaized.net^*/playlist.m3u8?$domain=naver.com
@@||ukbride.co.uk/css/*/adverts.css
@@||freeplayervideo.com^$subdocument
@@||kincho.co.jp/cm/img/bnr_ad_$image,~third-party
@@||ads.elevateplatform.co.uk^$popup
@@||thefreedictionary.com^$generichide
@@||ads.adthrive.com/builds/core/*/js/adthrive.min.js$domain=adamtheautomator.com|mediaite.com|packhacker.com
@@||s.yimg.jp/images/listing/tool/yads/yads-timeline-ex.js$domain=yahoo.co.jp
@@||ads.pubmatic.com/AdServer/js/pwtSync/$subdocument,domain=independent.co.uk
@@||yaytrade.com^*/chunks/pages/advert/$~third-party
@@/banner/ad/*$image,domain=achaloto.com
@@||tenki.jp/storage/static-images/top-ad/
@@||az.hpcn.transer-cn.com/content/dam/isetan_mitsukoshi/advertise/$~third-party
@@||google.com/recaptcha/enterprise.js
@@||explainxkcd.com/wiki/images/$image,~third-party
@@||thegay.com/assets/jwplayer-*/jwplayer.core.controls.html5.js|$domain=thegay.com
@@||sdltutorials.com/Data/Ads/AppStateBanner.jpg$~third-party
@@||shreemaruticourier.com/banners/$~third-party
@@||ezoic.net/detroitchicago/cmb.js$script,domain=gerweck.net
@@||tradingview.com/adx/$subdocument,domain=adx.ae
@@||adv.asahi.com^$popup
@@||taipit-mebel.ru/upload/resize_cache/$image,~third-party
@@||portal.autotrader.co.uk/advert/$~third-party
@@||googletagservices.com/tag/js/gpt.js$domain=allestoringen.be|allestoringen.nl|downdetector.ae|downdetector.ca|downdetector.cl|downdetector.co.nz|downdetector.co.uk|downdetector.co.za|downdetector.com|downdetector.com.ar|downdetector.com.au|downdetector.com.br|downdetector.com.co|downdetector.cz|downdetector.dk|downdetector.ec|downdetector.es|downdetector.fi|downdetector.fr|downdetector.gr|downdetector.hk|downdetector.hr|downdetector.hu|downdetector.id|downdetector.ie|downdetector.in|downdetector.it|downdetector.jp|downdetector.mx|downdetector.my|downdetector.no|downdetector.pe|downdetector.ph|downdetector.pk|downdetector.pl|downdetector.pt|downdetector.ro|downdetector.ru|downdetector.se|downdetector.sg|downdetector.sk|downdetector.web.tr|xn--allestrungen-9ib.at|xn--allestrungen-9ib.ch|xn--allestrungen-9ib.de
@@||oisd.nl^$generichide
@@||ads3.xumo.com^$domain=2vnews.com|redbox.com
@@||g2crowd.com/uploads/product/image/$image,domain=g2.com
@@||g.doubleclick.net/pagead/ppub_config$domain=bloomberg.com|independent.co.uk|telsu.fi|weather.com
@@||bauersecure.com/dist/js/prebid/$domain=carmagazine.co.uk
@@||ascii.jp/img/ad/$image,~third-party
@@||app.veggly.net/plugins/cordova-plugin-admobpro/www/AdMob.js$script,~third-party
@@||fluidplayer.com^$script,stylesheet,domain=canyoublockit.com
@@||lshstream.xyz/hls/$xmlhttprequest
@@||nflcdn.com/static/site/$script,domain=nfl.com
@@||gakushuin.ac.jp/ad/common/$~third-party
@@||accounts.google.com^$popup
@@||amazon-adsystem.com/aax2/apstag.js$domain=accuweather.com|barstoolsports.com|blastingnews.com|cnn.com|exomashomepage.com|familyhandyman.com|foxbusiness.com|gamingbible.co.uk|history.com|independent.co.uk|inquirer.com|keloland.com|radio.com|rd.com|si.com|tasteofhome.com|thehealthy.com|time.com|wboy.com|wellgames.com|wkrn.com|wlns.com|wvnstv.com
@@||shopping.naver.net/ad/$image,script,stylesheet,domain=naver.com
@@||ads.kazakh-zerno.net^$popup
@@||pornbraze.com^$generichide
@@||gstatic.com/recaptcha/
@@||adtng.com/get/$subdocument,domain=hanime.tv
@@||pandora.com/images/public/devicead/$image
@@||smartadserver.com/genericpost$domain=filmweb.pl
@@||adv.gg^$popup
@@||ganma.jp/view/magazine/viewer/pages/advertisement/googleAdSense.html|$~third-party,xmlhttprequest
@@||v.fwmrm.net/ad/g/1?*_html5_live$domain=~gulli.fr|~msn.com
@@||betterads.org/hubfs/$image,~third-party
@@||material.angular.io^$generichide
@@||kotaku.com/x-kinja-static/assets/new-client/adManager.$~third-party
@@||wavepc.pl/wp-content/*-500x100.png$image,~third-party
@@||ads.kbmax.com^$domain=adspipe.com
@@||s.ntv.io/serve/load.js$domain=titantv.com
@@||c.ad6media.fr/l.js$domain=scan-manga.com
@@||ads.twitter.com^$popup
@@||freeride.se/img/admarket/$~third-party
@@||imasdk.googleapis.com/js/sdkloader/ima3_dai.js$domain=247sports.com|bloomberg.co.jp|bloomberg.com|cbc.ca|cbssports.com|embed.comicbook.com|paramountplus.com|s.yimg.jp|sbs.com.au|tv.rakuten.co.jp|vk.sportsbull.jp|worldsurfleague.com
@@||g.doubleclick.net/gampad/ads?*RakutenShowtime$xmlhttprequest,domain=imasdk.googleapis.com
@@||radiotimes.com/static/advertising/$script,~third-party
@@||signin.verizon.com^*/affiliate/$subdocument,xmlhttprequest
@@||astatic.ccmbg.com^*/prebid$script,domain=linternaute.com
@@||ad.doubleclick.net/ddm/clk/*http$popup
@@||spanishdict.com^$generichide
@@||point.rakuten.co.jp/img/crossuse/top_ad/$~third-party
@@||friends.ponta.jp/app/assets/images/$~third-party
@@||thegay.com/assets/jwplayer-*/jwplayer.core.controls.js|$domain=thegay.com
@@||scan-manga.eu/*pageID=$~third-party
@@||ajax.googleapis.com^$script,domain=imgbox.com
@@||warpwire.net/AD/
@@||lokopromo.com^*/adsimages/$~third-party
@@||open.spotify.com^$generichide
@@||az.hp.transer.com/content/dam/isetan_mitsukoshi/advertise/$~third-party
@@||ads.spotify.com^$popup
@@||microapp.bytedance.com/docs/page-data/$~third-party
@@||drive.google.com^$generichide
@@||g.doubleclick.net/gampad/ads?*superbanner_3$xmlhttprequest,domain=spiegel.de
@@||popin.cc/popin_discovery/recommend?$~third-party
@@||zohopublic.com^*/ADManager_$subdocument,xmlhttprequest,domain=manageengine.com|zohopublic.com
@@||stats.g.doubleclick.net/dc.js$script,domain=chintaistyle.jp
@@||showcase.codethislab.com/banners/$image,~third-party
@@||spiegel.de^$genericblock,generichide
@@||builder.io^$generichide
@@||onedrive.live.com^$generichide
@@||mtouch.facebook.com/ads/api/preview/$domain=business.facebook.com
@@||facebook.com/ads/profile/$~third-party,xmlhttprequest
@@||payload.cargocollective.com^$image,~third-party
@@||worldgravity.com^$script,domain=hotstar.com
@@||wikibooks.org^$generichide
@@||fwmrm.net^*/AdManager.js$script
@@||s.w.org/wp-content/$stylesheet,domain=wordpress.org
@@||hutchgo.advertserve.com^$popup,domain=hutchgo.com|hutchgo.com.cn|hutchgo.com.hk|hutchgo.com.sg|hutchgo.com.tw
@@||mui.com^$generichide
@@||bannersnack.com/banners/$document,subdocument,domain=adventcards.co.uk|charitychristmascards.org|christmascardpacks.co.uk|kingsmead.com|kingsmeadcards.co.uk|nativitycards.co.uk|printedchristmascards.co.uk
@@||edmodo.com/ads$~third-party,xmlhttprequest
@@||letocard.fr/wp-content/uploads/$image,~third-party
@@||www.google.*/search?$generichide
@@||myaccount.google.com^$generichide
@@||displayad.naver.com^$~third-party
@@|data:text^$popup,domain=box.com|clker.com|labcorp.com
@@^utm_source=aff^$popup,domain=gamble.co.uk|gokkeninonlinecasino.nl|top5casinosites.co.uk
@@||adfurikun.jp/adfurikun/images/$~third-party
@@||jsdelivr.net^*/videojs.ads.css$domain=irctc.co.in
@@||warpwire.com/AD/
@@||maxstream.video^$generichide
@@||pntrac.com/b/$image,domain=extrarebates.com
@@||wikinews.org^$generichide
@@||fingerprintjs.com^$generichide
@@||googleoptimize.com/optimize.js$script,domain=wallapop.com
@@||search.spotxchange.com/vmap/*&content_page_url=www.bsfuji.tv$xmlhttprequest,domain=imasdk.googleapis.com
@@||mxdcontent.net^$xmlhttprequest,domain=mixdrop.co
@@||sundaysportclassifieds.com/ads/$image,~third-party
@@||itv.com/itv/tserver/$~third-party
@@||ads.adthrive.com/sites/$script,domain=adamtheautomator.com|mediaite.com|packhacker.com
@@||web.archive.org^$generichide
@@||r10s.jp/share/themes/ds/js/show_ads_randomly.js$domain=travel.rakuten.co.jp
@@||bbc.co.uk^*/adverts.js
@@||doubleclick.net/gampad/*adPositionName%3Dsuperbanner_$xmlhttprequest,domain=spiegel.de
@@||v.fwmrm.net/ad/p/1?$domain=cc.com|channel5.com|cmt.com|eonline.com|foodnetwork.com|nbcnews.com|ncaa.com|player.theplatform.com|simpsonsworld.com|today.com
@@||p.d.1emn.com^$script,domain=hotair.com
@@||imasdk.googleapis.com/js/sdkloader/ima3.js$domain=247sports.com|api.screen9.com|autokult.pl|bbc.com|blastingnews.com|bloomberg.co.jp|bloomberg.com|bsfuji.tv|cbc.ca|cbsnews.com|cbssports.com|chicagotribune.com|cnet.com|crhoy.com|delish.com|distro.tv|doubtnut.com|einthusan.tv|embed.comicbook.com|etonline.com|farfeshplus.com|filmweb.pl|game.goo.ne.jp|game.pointmall.rakuten.net|gamebox.gesoten.com|gamepix.com|games.usatoday.com|geo.dailymotion.com|givemesport.com|goodmorningamerica.com|goodstream.uno|howstuffworks.com|ignboards.com|iheart.com|insideedition.com|irctc.co.in|klix.ba|lemino.docomo.ne.jp|locipo.jp|maharashtratimes.com|metacritic.com|minigame.aeriagames.jp|missoulian.com|myspace.com|nettavisen.no|newsweek.com|paralympic.org|paramountplus.com|player.abacast.net|player.earthtv.com|player.performgroup.com|plex.tv|pointmall.rakuten.co.jp|popculture.com|realmadrid.com|rte.ie|rumble.com|s.yimg.jp|scrippsdigital.com|sonyliv.com|sportsbull.jp|sportsport.ba|success-games.net|synk-casualgames.com|tbs.co.jp|tdn.com|truvid.com|tubitv.com|tv-asahi.co.jp|tv.rakuten.co.jp|tver.jp|tvp.pl|univtec.com|video.tv-tokyo.co.jp|vlive.tv|watch.nba.com|weather.com|webdunia.com|wellgames.com|worldsurfleague.com|wowbiz.ro|wsj.com|wtk.pl|zdnet.com|zeebiz.com
@@||faculty.uml.edu^$image,stylesheet
@@||apkmirror.com^$generichide
@@||youtube.com/get_video_info?$xmlhttprequest,domain=music.youtube.com|tv.youtube.com
@@||redventures.io/lib/dist/prod/bidbarrel-$script,domain=cnet.com|techrepublic.com|zdnet.com
@@||tlc.com^$generichide
@@||google.com/recaptcha/$csp,subdocument
@@||gstatic.com^$domain=mixdrop.co
@@||image.shutterstock.com^$image,domain=icons8.com
@@||ads.rogersmedia.com^$subdocument,domain=cbc.ca
@@||imasdk.googleapis.com/js/sdkloader/ima3_debug.js$domain=abcnews.go.com|brightcove.net|cbsnews.com|insideedition.com|pch.com
@@||teams.microsoft.com^$generichide
@@||serving-sys.com/Serving/adServer.bs?$popup,domain=spaargids.be
@@||wiktionary.org^$generichide
@@||akinator.mobi.cdn.ezoic.net^$domain=akinator.mobi
@@||cdnqq.net/ad/api/popunder.js$script
@@||coinmarketcap.com/static/addetect/$script,~third-party
@@||f-droid.org/assets/Ads_$~third-party
@@||g.doubleclick.net/pagead/ads$subdocument,domain=game.anymanager.io|game.goo.ne.jp
@@||crystalmark.info/wp-content/uploads/sites/$image,~third-party
@@||instagram.com/api/v1/ads/$~third-party,xmlhttprequest
@@||2mdn.net/instream/html5/ima3.js$script,domain=earthtv.com|techrepublic.com|zdnet.com
@@||figma.com^$generichide
@@||bloominc.jp/adtool/$~third-party
@@||archive.org/services/$image,~third-party,xmlhttprequest
@@||infoworld.com/www/js/ads/gpt_includes.js$~third-party
@@||admin.mgid.com^$popup
@@||fdyn.pubwise.io^$script,domain=urbanglasgow.co.uk
@@||hcaptcha.com/captcha/$script,subdocument
@@||web-ads.pulse.weatherbug.net/api/ads/targeting/$domain=weatherbug.net
@@||ads.midwayusa.com^$popup
@@||tractorshed.com/photoads/upload/$~third-party
@@||exosrv.com/video-slider.js$domain=xfreehd.com
@@||sc2casts.com^$generichide
@@||summitracing.com/global/images/bannerads/
@@||samplefan.com/img/ad/$image
@@||faculty.uml.edu/klevasseur/ads/
@@||getjad.io/library/$script,domain=allocine.fr
@@||npr.org/sponsorship/targeting/$~third-party,xmlhttprequest
@@||vidtodo.com^$image,script,stylesheet,xmlhttprequest,domain=vidtodo.com
@@||doodcdn.co^$domain=dood.la|dood.pm|dood.so|dood.to|dood.watch|dood.ws
@@||adsales.snidigital.com/*/ads-config.min.js$script
@@||runescape.wiki^$image,~third-party
@@||whatsapp.com^$generichide
@@||maxcdn.bootstrapcdn.com^$stylesheet,domain=up-4ever.com|up-4ever.org
@@||bing.com/search?$generichide
@@||addicted.es^*/ad728-$image,~third-party
@@||aone-soft.com/style/images/ad2.jpg
@@||ipinfo.io/static/images/use-cases/adtech.jpg$image,~third-party
@@||canadianlisted.com^*/ad/index.css$stylesheet,~third-party
@@||mail.proton.me^$generichide
@@||wikiquote.org^$generichide
@@||sourcegraph.com^$generichide
@@||global-uploads.webflow.com/*_dimensions-$image,domain=dimensions.com
@@||yuru-mbti.com/static/css/adsense.css$~third-party
@@||mistore.jp/content/dam/isetan_mitsukoshi/advertise/$~third-party
@@||hiveworkscomics.com/frontboxes/300x250_$image,~third-party
@@||thegay.com/assets//jwplayer-*/provider.hlsjs.js|$domain=thegay.com
@@||voeunblock3.com^$subdocument
@@||www.google.*/search?q=*&oq=*&aqs=chrome.*&sourceid=chrome&$popup,third-party
@@||tidal.com^$generichide
@@||tpc.googlesyndication.com/pagead/js/$domain=googleads.g.doubleclick.net
@@||crystalmark.info/wp-content/uploads/*-300x250.$image,~third-party
@@||disneyplus.com^$generichide
@@||cloudflare.com/ajax/$stylesheet,domain=shink.me|shon.xyz
@@||cloudflare.com^*/videojs-contrib-ads.js$domain=wtk.pl
@@||g.doubleclick.net/gampad/ads$xmlhttprequest,domain=bloomberg.com|chromatographyonline.com|formularywatch.com|managedhealthcareexecutive.com|medicaleconomics.com|physicianspractice.com
@@||flashx.tv/js/jquery.cookie.js
@@||photofunia.com/effects/$image,~third-party
@@||xfreehd.com^$generichide
@@||doodstream.com^$subdocument
@@||mjhobbymassan.se/r/annonser/$image,~third-party
@@||v.fwmrm.net/crossdomain.xml$xmlhttprequest
@@||amazon-adsystem.com/widgets/q?$image,third-party
@@||bigfishaudio.com/banners/$image,~third-party
@@||pub.pixels.ai/wrap-independent-no-prebid-lib.js$script,domain=independent.co.uk
@@||cdn.bidder.dev/clients/$script,domain=forces.net
@@||discordapp.com/banners/$image
@@||musictrack.jp/a/ad/banner_member.jpg
@@||adswizz.com/adswizz/js/SynchroClient*.js$script,third-party,domain=jjazz.net
@@||thepiratebay.org/cdn-cgi/challenge-platform/$~third-party
@@||files.slack.com^$image,~third-party
@@||ads-i.org/images/ads3.jpg$~third-party
@@||google.com/recaptcha/enterprise/
@@||basinnow.com/upload/settings/advertise-img.jpg
@@||accuweather.com/bundles/prebid.$script
@@||slack.com^$generichide
@@||adm.fwmrm.net^*/videoadrenderer.$object,domain=cnbc.com|go.com|nbc.com|nbcnews.com
@@||jetzt.de^$generichide
@@||banmancounselling.com/wp-content/themes/banman/
@@||thegay.com/upd/*/assets/preview*.js|$domain=thegay.com
@@||assets.strossle.com^*/strossle-widget-sdk.js$script,domain=kaaoszine.fi
@@||thegay.com/assets//jwplayer-*/jwplayer.core.controls.html5.js|$domain=thegay.com
@@||destinationamerica.com^$generichide
@@||aetv.com^$generichide
@@||rule34hentai.net^$generichide
@@||code.jquery.com^$domain=mixdrop.co
@@||cloudflare.com^$script,stylesheet,domain=canyoublockit.com
@@||thepiratebay.org/*.php$csp,~third-party
@@||schwab.com/scripts/appdynamic/adrum-ext.$script,~third-party
@@||api.paymentwall.com^$domain=adguard.com
@@||gelbooru.com^$generichide
@@://192.168.0.1$generichide
@@||micro.rubiconproject.com/prebid/dynamic/$script,domain=gamingbible.co.uk|ladbible.com
@@||vidtodoo.com^$image,script,stylesheet,xmlhttprequest,domain=vidtodo.com
@@||live.primis.tech/live/$script,domain=eurogamer.net|vg247.com
@@||daumcdn.net/adfit/static/ad-native.min.js$domain=daum.net
@@||jwpcdn.com/player/plugins/googima/$script,domain=iheart.com|video.vice.com
@@||entitlements.jwplayer.com^$xmlhttprequest,domain=iheart.com
@@||g.doubleclick.net/gampad/ads?$domain=edy.rakuten.co.jp|tv-tokyo.co.jp|voici.fr
@@||widgets.jobbio.com^*/display.min.js$domain=interestingengineering.com
@@||core.windows.net^*/annonser/$image,domain=kmauto.no
@@||games.pch.com^$generichide
@@||duckduckgo.com/?q=$generichide
@@||thegay.com/assets//jwplayer-*/jwplayer.core.controls.js|$domain=thegay.com
@@||gemini.yahoo.com/advertiser/$domain=gemini.yahoo.com
@@||flashx.tv/js/xfs.js
@@||nintendo.co.jp/ring/*/adv$~third-party
@@||patreonusercontent.com/*.gif?token-$image,domain=patreon.com
@@||site-banner.hange.jp/adshow?$domain=animallabo.hange.jp
@@||api.friends.ponta.jp/api/$~third-party
@@||ad.smartmediarep.com/NetInsight/video/smr$domain=programs.sbs.co.kr
@@||support.google.com^$domain=support.google.com
@@||thegay.com/upd/*/static/js/*.js|$domain=thegay.com
@@||franklymedia.com/*/300x150_WBNQ_TEXT.png$image,domain=wbnq.com
@@||pagead2.googlesyndication.com/pagead/managed/js/*/show_ads_impl_$script,domain=battlecats-db.com|games.wkb.jp
@@||discretemath.org^$image,stylesheet
@@||martinfowler.com/articles/asyncJS.css$stylesheet,~third-party
@@||akamaiedge.net^$domain=canyoublockit.com
@@||scrippsdigital.com/cms/videojs/$stylesheet,domain=scrippsdigital.com
@@||cdn.vidoza.co/js/$script,domain=vidoza.co|vidoza.net
@@||upload.wikimedia.org/wikipedia/$image,media
@@||banki.ru/bitrix/*/advertising.block/$stylesheet
@@||imasdk.googleapis.com/js/core/bridge*.html$subdocument,domain=~spotify.com
@@||streamlare.com^$subdocument
@@||motortrader.com.my/advert/$image,~third-party
@@||manageengine.com/images/logo/$image,~third-party
@@||borneobulletin.com.bn/wp-content/banners/bblogo.jpg$~third-party
@@||makeuseof.com/public/build/images/bg-advert-with-us.$~third-party
@@||fastmail.com^$generichide
@@||banner.yt^$image,domain=socialblade.com
@@||so-net.ne.jp/access/hikari/minico/ad/images/$~third-party
@@||forums.opera.com/api/topic/$~third-party,xmlhttprequest
@@||connatix.com*/connatix.player.$script,domain=ebaumsworld.com|funker530.com|washingtonexaminer.com
@@||ads.doordash.com^$popup
@@||adsafeprotected.com/iasPET.$script,domain=independent.co.uk|reuters.com
@@||itv.com/itv/hserver/*/site=itv/$xmlhttprequest
@@||archive.org/BookReader/$image,~third-party,xmlhttprequest
@@||media.kijiji.ca/api/$image,~third-party
@@||ias.global.rakuten.com/adv/$script,domain=rakuten.co.jp
@@||aiasahi.jp/ads/$image,domain=japan.techrepublic.com|japan.zdnet.com
@@||clj.valuecommerce.com/*/vcushion.min.js
@@||britannica.com/mendel-resources/3-52/js/libs/prebid4.$script,~third-party
@@||healthyadvertising.es^$~third-party
@@||forum.miuiturkiye.net/konu/reklam.$~third-party,xmlhttprequest
@@||minigame.aeriagames.jp/css/videoad.css
@@||apmebf.com/ad/$domain=betfair.com
@@||publicwww.com^$generichide
@@||einthusan.tv/prebid.js$script,~third-party
@@||paramountplus.com^$generichide
@@||optimatic.com/redux/optiplayer-$domain=pch.com
@@||dcdirtylaundry.com/cdn-cgi/challenge-platform/$~third-party
@@||userload.co/adpopup.js$script
@@||ads.pinterest.com^$popup
@@||ads.rubiconproject.com/prebid/$script,domain=drudgereport.com|everydayhealth.com
@@||chycor.co.uk/cms/advert_search_thumb.php$image,domain=chycor.co.uk
@@||tv.youtube.com^$generichide
@@||ezsoftwarestorage.com^$image,media,domain=ezfunnels.com
@@||gunosy.co.jp/img/ad/$image,~third-party
@@||optimatic.com/iframe.html$subdocument,domain=pch.com
@@||ads.google.$popup,domain=google.ac|google.ad|google.ae|google.al|google.am|google.as|google.at|google.az|google.ba|google.be|google.bf|google.bg|google.bi|google.bj|google.bs|google.bt|google.by|google.ca|google.cat|google.cd|google.cf|google.cg|google.ch|google.ci|google.cl|google.cm|google.co.ao|google.co.bw|google.co.ck|google.co.cr|google.co.id|google.co.il|google.co.in|google.co.jp|google.co.ke|google.co.kr|google.co.ls|google.co.ma|google.co.mz|google.co.nz|google.co.th|google.co.tz|google.co.ug|google.co.uk|google.co.uz|google.co.ve|google.co.vi|google.co.za|google.co.zm|google.co.zw|google.com|google.com.af|google.com.ag|google.com.ai|google.com.ar|google.com.au|google.com.bd|google.com.bh|google.com.bn|google.com.bo|google.com.br|google.com.by|google.com.bz|google.com.cn|google.com.co|google.com.cu|google.com.cy|google.com.do|google.com.ec|google.com.eg|google.com.et|google.com.fj|google.com.gh|google.com.gi|google.com.gt|google.com.hk|google.com.jm|google.com.jo|google.com.kh|google.com.kw|google.com.lb|google.com.ly|google.com.mm|google.com.mt|google.com.mx|google.com.my|google.com.na|google.com.ng|google.com.ni|google.com.np|google.com.om|google.com.pa|google.com.pe|google.com.pg|google.com.ph|google.com.pk|google.com.pr|google.com.py|google.com.qa|google.com.ru|google.com.sa|google.com.sb|google.com.sg|google.com.sl|google.com.sv|google.com.tj|google.com.tn|google.com.tr|google.com.tw|google.com.ua|google.com.uy|google.com.vc|google.com.ve|google.com.vn|google.cv|google.cz|google.de|google.dj|google.dk|google.dm|google.dz|google.ee|google.es|google.fi|google.fm|google.fr|google.ga|google.ge|google.gg|google.gl|google.gm|google.gp|google.gr|google.gy|google.hk|google.hn|google.hr|google.ht|google.hu|google.ie|google.im|google.iq|google.is|google.it|google.it.ao|google.je|google.jo|google.jp|google.kg|google.ki|google.kz|google.la|google.li|google.lk|google.lt|google.lu|google.lv|google.md|google.me|google.mg|google.mk|google.ml|google.mn|google.ms|google.mu|google.mv|google.mw|google.ne|google.ne.jp|google.ng|google.nl|google.no|google.nr|google.nu|google.pl|google.pn|google.ps|google.pt|google.ro|google.rs|google.ru|google.rw|google.sc|google.se|google.sh|google.si|google.sk|google.sm|google.sn|google.so|google.sr|google.st|google.td|google.tg|google.tl|google.tm|google.tn|google.to|google.tt|google.us|google.vg|google.vu|google.ws
@@||somewheresouth.net/banner/banner.php$image
@@||flashx.tv/player6/jwplayer.js
@@||ads-api.twitter.com^$domain=ads.twitter.com|analytics.twitter.com
@@||live.streamtheworld.com/partnerIds$domain=iheart.com
@@||valuecommerce.com^$image,domain=pointtown.com
@@||thegay.com/assets//jwplayer-*/jwplayer.js|$domain=thegay.com
@@||gpt-worldwide.com/js/gpt.js$~third-party
@@||rakuten-bank.co.jp/rb/ams/img/ad/$~third-party
@@||codepen.io^$generichide
@@||book.com.tw/image/getImage?$domain=books.com.tw
@@||ad-api-v01.uliza.jp^$script,xmlhttprequest,domain=golfnetwork.co.jp|tv-asahi.co.jp
@@||adnxs.com/ast/ast.js$domain=zone.msn.com
@@||bitbucket.org^$generichide
@@||nextcloud.com/remote.php/$~third-party,xmlhttprequest
@@||gn-web-assets.api.bbc.com/bbcdotcom/assets/$script,domain=bbc.co.uk
@@||geekzone.co.nz^$generichide
@@||ajax.googleapis.com/ajax/libs/$script,domain=govid.co
@@||dropbox.com^$generichide
@@||pro-foto.jp/ads/img/$~third-party
@@||fuseplatform.net^*/fuse.js$script,domain=broadsheet.com.au|friendcafe.jp
@@||streamtape.com^$subdocument
@@||arnhemland-safaris.com/images/made/$image,~third-party
@@||abcnews.com/assets/player/$script,~third-party
@@||exponential.com^*/tags.js$domain=yellowbridge.com
@@||googletagservices.com/tag/js/gpt.js$domain=chegg.com|chelseafc.com|epaper.timesgroup.com|farfeshplus.com|k2radio.com|koel.com|kowb1290.com|nationalreview.com|nationalworld.com|nbcsports.com|scotsman.com|tv-asahi.co.jp|uefa.com|vimeo.com|vlive.tv|voici.fr|windalert.com
@@||politiken.dk/static/$script
@@||static.doubleclick.net/instream/ad_status.js$script,domain=ignboards.com
@@||thegay.com/assets/jwplayer-*/provider.hlsjs.js|$domain=thegay.com
@@||island.lk/userfiles/image/danweem/island.gif
@@||admanager.clubzebra.se^$image,domain=ripshusvagnar.se
@@||przegladpiaseczynski.pl/wp-content/plugins/wppas/$~third-party
@@||fonts.googleapis.com^$stylesheet,domain=up-4ever.com|up-4ever.org
@@||cc.zorores.com/ad/*.vtt$domain=rapid-cloud.co
@@||grapeshot.co.uk/main/channels.cgi$script,domain=telegraph.co.uk
@@||yibada.com^$generichide
@@||4channel.org/adv/$image,xmlhttprequest,domain=4channel.org
@@||assoc-amazon.com/widgets/cm?$subdocument,domain=atcoder.jp
@@||pagead2.googlesyndication.com/pagead/js/adsbygoogle.js$domain=battlecats-db.com|cpu-world.com|game.anymanager.io|games.wkb.jp|knowfacts.info|lacoste.com|megagames.com|megaleech.us|newson.us|real-sports.jp|slideplayer.com|tampermonkey.net|teemo.gg|thefreedictionary.com
@@||ad-maven.com^$generichide
@@||pjtra.com/b/$image,domain=extrarebates.com
@@||play.max.com^$generichide
@@||fastcontentdelivery.com^$script,domain=flashx.to|flashx.tv
@@||contacts.google.com^$generichide
@@||arukikata.com/images_ad/$image,~third-party
@@||z.moatads.com^$script,domain=standard.co.uk
@@||commons.wikimedia.org/w/api.php?$~third-party,xmlhttprequest
@@||netflix.com^$generichide
@@||givingassistant.org/Advertisers/$~third-party
@@||docs.google.com^$generichide
@@||banner.customer.kyruus.com^$domain=doctors.bannerhealth.com
@@||ads.askgamblers.com^$popup
@@||pagead2.googlesyndication.com/pagead/managed/js/adsense/$script,domain=game.goo.ne.jp
@@||anitasrecipes.com/Content/Images/Recipes/$image,~third-party
@@||ad-img.gmarket.com/ads/$image,domain=gmarket.co.kr
@@||ui.ads.microsoft.com^$~third-party
@@||gbf.wiki/images/$image,~third-party
@@||promo.zendesk.com^$xmlhttprequest,domain=promo.com
@@||smallseotools.com^$generichide
@@||yimg.com/av/gemini-ui/*/advertiser/$domain=gemini.yahoo.com
@@||search.brave.com/search$xmlhttprequest
@@||promo.com/embed/$subdocument,third-party
@@||atlas.playpilot.com/api/v1/ads/browse/$xmlhttprequest,domain=playpilot.com
@@||discord.com^$generichide
@@||cloud.google.com^$generichide
@@||optout.networkadvertising.org^$document
@@||ads.shopee.*/$popup
@@||yimg.com/dy/ads/native.js$script,domain=animedao.to
@@||content.pouet.net/avatars/adx.gif$image,~third-party
@@||at.adtech.redventures.io/lib/dist/$script,domain=gamespot.com|giantbomb.com|metacritic.com
